CREATE TABLE `tipos` (
  `tipoID` varchar(10) NOT NULL default '',
  `tipo` varchar(20) NOT NULL default ''
) ENGINE=InnoDB;

INSERT INTO `tipos` VALUES ('11', 'memoria');
INSERT INTO `tipos` VALUES ('11', 'procesador');
INSERT INTO `tipos` VALUES ('11', 'fuente de poder');
INSERT INTO `tipos` VALUES ('11', 'pantalla');

CREATE TABLE `preguntas` (
  `preguntaTIPO` varchar(20) NOT NULL default '',
  `preguntaDESCRIPCION` varchar(255) NOT NULL default ''
) ENGINE=InnoDB;



INSERT INTO `preguntas` VALUES ('memoria', 'Sospecha de un fallo en la memoria del sistema?');
INSERT INTO `preguntas` VALUES ('memoria', 'Tienes problemas con los errores de paridad?');
INSERT INTO `preguntas` VALUES ('memoria', 'Su memoria no esta siendo reconocida por el sistema?');
INSERT INTO `preguntas` VALUES ('memoria', 'Esta recibiendo errores que indican que se ha quedado sin memoria y cree que realmente tiene suficiente?');
INSERT INTO `preguntas` VALUES ('memoria', 'Nota problemas relacionados con el rendimiento de su P.C. despues de agregar mas memoria?');
INSERT INTO `preguntas` VALUES ('procesador', 'Parece que el procesador esta muerto; imposible de arrancar o no funciona correctamente?');
INSERT INTO `preguntas` VALUES ('procesador', 'Se esta reiniciando el sistema sin previo aviso o se esta agotando?');
INSERT INTO `preguntas` VALUES ('procesador', 'Esta el procesador funcionando lentamente?');
INSERT INTO `preguntas` VALUES ('procesador', 'En el momento del arranque; el sistema informa una velocidad de procesador incorrecta?');
INSERT INTO `preguntas` VALUES ('procesador', 'Parece que el procesador se esta sobrecalentando?');
INSERT INTO `preguntas` VALUES ('fuente', 'Parece que la fuente de alimentacion no funciona?');
INSERT INTO `preguntas` VALUES ('fuente', 'Esta utilizando una buena fuente de energía?');
INSERT INTO `preguntas` VALUES ('fuente', 'Has instalado algún nuevo hardware?');
INSERT INTO `preguntas` VALUES ('fuente', 'Escuchas el motor del disco duro haciendo girar la unidad (como un chorro silencioso)?');
INSERT INTO `preguntas` VALUES ('fuente', 'Esta el cable de alimentacion correctamente colocado en la toma de corriente de la unidad?');
INSERT INTO `preguntas` VALUES ('fuente', 'Sospecha de un adaptador defectuoso?');
INSERT INTO `preguntas` VALUES ('fuente', 'El voltaje esta configurado a 110 / 120v en la fuente de alimentacion?');
INSERT INTO `preguntas` VALUES ('fuente', 'Son correctas las conexiones de la fuente de alimentacion a la placa base?');


CREATE TABLE `problemas` (
  `problemaID` int(4) NOT NULL auto_increment,
  `preguntaTIPO` varchar(10) NOT NULL default '',
  `problemaDesc` varchar(20) NOT NULL default '',
  PRIMARY KEY  (`problemaID`)
)ENGINE=MyISAM AUTO_INCREMENT=94 ;


INSERT INTO `problemas` VALUES (1, 'procesador', 'sí,sí,sí,sí,sí,');
INSERT INTO `problemas` VALUES (2, 'procesador', 'no,sí,no,no,no,');
INSERT INTO `problemas` VALUES (3, 'procesador', 'sí,no,no,no,no,');
INSERT INTO `problemas` VALUES (4, 'procesador', 'no,no,no,no,sí,');
INSERT INTO `problemas` VALUES (6, 'procesador', 'sí,sí,sí,no,no,');
INSERT INTO `problemas` VALUES (7, 'procesador', 'seccache');
INSERT INTO `problemas` VALUES (8, 'procesador', 'errmessages');
INSERT INTO `problemas` VALUES (9, 'procesador', 'appfail');
INSERT INTO `problemas` VALUES (10, 'procesador', 'perproblem');
INSERT INTO `problemas` VALUES (11, 'procesador', 'vesa');
INSERT INTO `problemas` VALUES (12, 'procesador', 'lean');
INSERT INTO `problemas` VALUES (13, 'procesador', 'nbios');
INSERT INTO `problemas` VALUES (14, 'procesador', 'memory');
INSERT INTO `problemas` VALUES (15, 'procesador', 'lblink');
INSERT INTO `problemas` VALUES (37, 'memoria', 'sí,');
INSERT INTO `problemas` VALUES (17, 'memoria', 'dupmem');
INSERT INTO `problemas` VALUES (18, 'memoria', 'os');
INSERT INTO `problemas` VALUES (19, 'memoria', 'no,no,no,sí,sí,');
INSERT INTO `problemas` VALUES (20, 'memoria', 'simm');
INSERT INTO `problemas` VALUES (21, 'memoria', 'dimm');
INSERT INTO `problemas` VALUES (22, 'memoria', 'memmis');
INSERT INTO `problemas` VALUES (23, 'memoria', 'sí,no,no,no,no,');
INSERT INTO `problemas` VALUES (24, 'memoria', 'restrict');
INSERT INTO `problemas` VALUES (25, 'memoria', 'hx');
INSERT INTO `problemas` VALUES (36, 'memoria', 'errbios');
INSERT INTO `problemas` VALUES (28, 'memoria', 'sdram');
INSERT INTO `problemas` VALUES (29, 'memoria', 'edo');
INSERT INTO `problemas` VALUES (30, 'memoria', 'diffmtype');
INSERT INTO `problemas` VALUES (31, 'memoria', 'specbios');
INSERT INTO `problemas` VALUES (35, 'memoria', 'no,sí,no,no,no,');
INSERT INTO `problemas` VALUES (33, 'memoria', 'mboard');
INSERT INTO `problemas` VALUES (34, 'memoria', 'metal');
INSERT INTO `problemas` VALUES (38, 'memoria', 'ecc');
INSERT INTO `problemas` VALUES (39, 'memoria', 'erraddr');
INSERT INTO `problemas` VALUES (40, 'memoria', 'addnewhd');
INSERT INTO `problemas` VALUES (44, 'memoria', 'runprog');
INSERT INTO `problemas` VALUES (42, 'memoria', 'bootup');
INSERT INTO `problemas` VALUES (43, 'memoria', 'notallrec');
INSERT INTO `problemas` VALUES (45, 'memoria', 'win');
INSERT INTO `problemas` VALUES (46, 'memoria', 'no,no,no,no,sí,');
INSERT INTO `problemas` VALUES (47, 'memoria', 'worse');
INSERT INTO `problemas` VALUES (48, 'memoria', 'more256');
INSERT INTO `problemas` VALUES (49, 'memoria', 'slow');
INSERT INTO `problemas` VALUES (50, 'memoria', 'hx');
INSERT INTO `problemas` VALUES (51, 'memoria', 'sí,sí,no,no,no,');
INSERT INTO `problemas` VALUES (53, 'memoria', 'parityenabled');
INSERT INTO `problemas` VALUES (54, 'procesador', 'led');
INSERT INTO `problemas` VALUES (55, 'procesador', 'recbuy');
INSERT INTO `problemas` VALUES (56, 'procesador', 'offslightly');
INSERT INTO `problemas` VALUES (57, 'procesador', 'newchip');
INSERT INTO `problemas` VALUES (58, 'procesador', 'nocompound');
INSERT INTO `problemas` VALUES (59, 'procesador', 'fanworn');
INSERT INTO `problemas` VALUES (61, 'procesador', 'overheating');
INSERT INTO `problemas` VALUES (64, 'fuente', '');
INSERT INTO `problemas` VALUES (65, 'fuente', 'videofail');
INSERT INTO `problemas` VALUES (66, 'fuente', 'bootsectry');
INSERT INTO `problemas` VALUES (67, 'fuente', 'pwronsignal');
INSERT INTO `problemas` VALUES (68, 'fuente', 'beeps');
INSERT INTO `problemas` VALUES (69, 'fuente', 'no,si,no');
INSERT INTO `problemas` VALUES (70, 'fuente', 'newhdw');
INSERT INTO `problemas` VALUES (71, 'fuente', 'no,no,no,si');
INSERT INTO `problemas` VALUES (72, 'fuente', 'drvspin');
INSERT INTO `problemas` VALUES (90, 'fuente', 'testpc');
INSERT INTO `problemas` VALUES (74, 'fuente', 'spinlead');
INSERT INTO `problemas` VALUES (89, 'fuente', 'deflead');
INSERT INTO `problemas` VALUES (76, 'fuente', 'badadap');
INSERT INTO `problemas` VALUES (77, 'fuente', 'stripdown');
INSERT INTO `problemas` VALUES (78, 'fuente', 'pwrmboard');
INSERT INTO `problemas` VALUES (80, 'fuente', 'pwrgood');
INSERT INTO `problemas` VALUES (81, 'fuente', 'liveoutlet');
INSERT INTO `problemas` VALUES (82, 'fuente', 'voltset');
INSERT INTO `problemas` VALUES (83, 'fuente', 'selvolt');
INSERT INTO `problemas` VALUES (84, 'fuente', 'mboardlead');
INSERT INTO `problemas` VALUES (85, 'fuente', 'connlead');
INSERT INTO `problemas` VALUES (86, 'fuente', 'switchfail');
INSERT INTO `problemas` VALUES (87, 'fuente', 'subswitch');
INSERT INTO `problemas` VALUES (88, 'fuente', 'conncorrect');
INSERT INTO `problemas` VALUES (91, 'fuente', 'shortcircuit');
INSERT INTO `problemas` VALUES (92, 'fuente', 'replace');
INSERT INTO `problemas` VALUES (93, 'fuente', 'remakeconn');
INSERT INTO `problemas` VALUES (94, 'fuente', 'no,no,no,no,no,no,no,no,');
INSERT INTO `problemas` VALUES (95, 'precesador', 'no,no,no,no,no,');
INSERT INTO `problemas` VALUES (96, 'memoria', 'no,no,no,no,no,');


CREATE TABLE `recomendacion` (
  `problemaID` int(16) NOT NULL,
  `DescripcionRecomendacion` varchar(350)  NULL default ''
) ENGINE=InnoDB;


INSERT INTO `recomendacion` VALUES (1, 'Hay una serie de problemas relacionados con la PC nueva o recién ensamblada');
INSERT INTO `recomendacion` VALUES (1, 'Inspeccione la máquina para asegurarse de que todo está en orden. Muchos errores comunes pueden ocurrir después de trabajar en un nuevo sistema.');
INSERT INTO `recomendacion` VALUES (1, 'Compruebe si hay conexiones sueltas o cortos.');
INSERT INTO `recomendacion` VALUES (1, 'Asegurese de que la placa base (con CPU, memoria, tarjeta de video y disco duro) esté conectada a la fuente de alimentación.');
INSERT INTO `recomendacion` VALUES (1, 'Ir a través de la configuración de la BIOS y asegúrese de que son correctos');
INSERT INTO `recomendacion` VALUES (1, 'Verifique las tarjetas de expansión, especialmente si hay puentes y configuraciones incorrectos.');
INSERT INTO `recomendacion` VALUES (1, 'Compruebe los discos duros y asegúrese de que estén correctamente conectados.');
INSERT INTO `recomendacion` VALUES (1, 'Compruebe el sistema para conflictos de recursos');
INSERT INTO `recomendacion` VALUES (2, 'Si tienes un procesador extra:');
INSERT INTO `recomendacion` VALUES (2, 'Intente ejecutar una prueba rápida intercambiando el procesador con el otro y vea si el problema se soluciona. Si lo hace, vuelva a colocar el procesador original y vea si el problema vuelve a aparecer. Si lo hace, puede Asegúrarse de que el procesador es malo.');
INSERT INTO `recomendacion` VALUES (3, 'Si el procesador se inserta incorrectamente:');
INSERT INTO `recomendacion` VALUES (3, 'Intente encajarlo firmemente en su zócalo, para que no se gire.');
INSERT INTO `recomendacion` VALUES (4, 'Si ha comprobado la configuración del BIOS y son incorrectos:');
INSERT INTO `recomendacion` VALUES (4, 'Los puentes pueden estar configurados incorrectamente. Esto puede causar un mal funcionamiento del procesador, ya que puede estar acelerándolo en exceso o decirle a la placa base que es un procesador diferente de lo que realmente es.');
INSERT INTO `recomendacion` VALUES (5, 'Si el voltaje es incorrecto:');
INSERT INTO `recomendacion` VALUES (5, 'Los estándares de 3.3 a 3.5 voltios son requeridos para la mayoría de los procesadores. Requieren riel dividido o doble voltaje. Asegúrese de que esto está soportado por su placa base.');
INSERT INTO `recomendacion` VALUES (6, 'Si el procesador es incompatible con su placa base:');
INSERT INTO `recomendacion` VALUES (6, 'Es posible que necesite una actualización del BIOS para usar el chip. Póngase en contacto con el departamento de asistencia técnica del fabricante de la placa base e intente averiguar cómo puede hacer que la placa base la use.');
INSERT INTO `recomendacion` VALUES (6, 'Además, si está utilizando una placa base Intel, es muy probable que solo pueda usar un procesador Intel con ella. Así que tenedlo en cuenta.');
INSERT INTO `recomendacion` VALUES (7, 'Si al desactivar el caché secundario se elimina el problema:');
INSERT INTO `recomendacion` VALUES (7, 'Puede tener un problema con su caché secundario');
INSERT INTO `recomendacion` VALUES (8, 'Si está recibiendo mensajes de error:');
INSERT INTO `recomendacion` VALUES (8, 'Consulte al fabricante de su sistema operativo para obtener una lista de los mensajes de error y sus significados.');
INSERT INTO `recomendacion` VALUES (9, 'Si tiene un problema al ejecutar un programa específico:');
INSERT INTO `recomendacion` VALUES (9, 'La aplicación en sí puede estar causando el problema.');
INSERT INTO `recomendacion` VALUES (10, 'Si nota que el problema solo ocurre cuando se usa un periférico específico:');
INSERT INTO `recomendacion` VALUES (10, 'Puede haber un problema con el periférico específico.');
INSERT INTO `recomendacion` VALUES (10, 'Puede haber un conflicto de recursos que está causando que el sistema se bloquee cuando intenta acceder a dos dispositivos utilizando los mismos recursos.');
INSERT INTO `recomendacion` VALUES (10, 'Puede haber un problema de controlador con el dispositivo, es decir, si es algo que usa un controlador en el sistema operativo.');
INSERT INTO `recomendacion` VALUES (11, 'Si está ejecutando una tarjeta VESA en una placa que admite VESA y PCI:');
INSERT INTO `recomendacion` VALUES (11, 'Se sabe que esta combinación causa inestabilidad.');
INSERT INTO `recomendacion` VALUES (11, 'Intente reemplazar la tarjeta de video VESA con una tarjeta PCI más barata y vea si el problema desaparece. ');
INSERT INTO `recomendacion` VALUES (12, 'Si observa el problema cada vez que se apoya en la caja o cuando coloca el monitor encima: ');
INSERT INTO `recomendacion` VALUES (12, 'Si el problema ocurre poco después de arrancar, el peso del monitor puede empujar hacia abajo la carcasa y posiblemente hacer que algunos de los componentes de la carcasa se doblen, que se pellizque un cable o que la placa base se estar corto en el caso. ');
INSERT INTO `recomendacion` VALUES (12, 'Si su sistema usa una carcasa de escritorio estándar, no coloque el monitor encima si tiene una pantalla de más de 17 pulgadas. Si está usando una maleta delgada, es posible que no quiera poner nada más de 15 pulgadas en él. ');
INSERT INTO `recomendacion` VALUES (12, 'También puede ser posible que la presión adicional en la caja esté causando que el sistema se caliente más de lo que lo haría de otra manera');
INSERT INTO `recomendacion` VALUES (12, 'Si el problema se está calentando, intente colocar un separador entre la caja y el monitor.  Asegúrese de que la presión del monitor se distribuya uniformemente.');
INSERT INTO `recomendacion` VALUES (12, 'Si el problema es la presión, intente abrir la caja y reorganizar los cables y los componentes, de modo que cuando la cubierta superior se flexione, no se vea afectado nada');
INSERT INTO `recomendacion` VALUES (12, 'Simplemente apoye el monitor en otra cosa que no sea el caso.');
INSERT INTO `recomendacion` VALUES (13, 'Si recientemente ha cambiado la configuración del BIOS (especialmente aquellos que controlan el tiempo):');
INSERT INTO `recomendacion` VALUES (13, 'Si ha notado el problema desde el momento del cambio, intente restablecerlo a los valores anteriores o a los valores predeterminados de bajo riesgo. Intente configurar el sistema a valores seguros. ' );
INSERT INTO `recomendacion` VALUES (14, 'Si recientemente agregó más memoria y nota una desaceleración:');
INSERT INTO `recomendacion` VALUES (14, 'Puede ser porque su PC no admite el almacenamiento en caché de más de una cierta cantidad. Verifique el tipo de memoria que instaló y averigüe cuánta memoria caché se requiere para admitirlo. ' );
INSERT INTO `recomendacion` VALUES (15, 'Si la luz del disco duro está parpadeando cuando carga programas o la máquina le dice que no tiene suficiente memoria:');
INSERT INTO `recomendacion` VALUES (15, 'Es posible que su máquina esté golpeando. Intente cerrar algunos de los programas, eso debería ayudar.');
INSERT INTO `recomendacion` VALUES (17, 'Si tiene un conjunto duplicado de módulos de memoria disponibles que son como los que está tratando de diagnosticar:');
INSERT INTO `recomendacion` VALUES (17, 'Intente intercambiar los módulos de repuesto para ver si el problema desaparece. Si lo hace, vuelva a colocar la memoria original para ver si el problema vuelve a aparecer. Si regresa, puede sentirse muy seguro de que la memoria original en sí era mala. ');
INSERT INTO `recomendacion` VALUES (18, 'Si acaba de instalar un nuevo sistema operativo de 32 bits, donde antes solo estaba usando DOS:');
INSERT INTO `recomendacion` VALUES (18, 'Esto puede traer un problema de memoria a la superficie.');
INSERT INTO `recomendacion` VALUES (18, 'Cuando esto sucede, la memoria defectuosa probablemente estuvo allí todo el tiempo, pero DOS perdona mucho más la memoria defectuosa que Windows 95, Windows NT u otros sistemas operativos de 32 bits. ') ;
INSERT INTO `recomendacion` VALUES (19, 'Si instaló memoria usada, o instaló en una placa base anterior:');
INSERT INTO `recomendacion` VALUES (19, 'El problema puede ser suciedad ya sea en los módulos o en los zócalos.');
INSERT INTO `recomendacion` VALUES (19, 'Intente quitar los módulos y limpie suavemente los contactos con un paño suave. ');
INSERT INTO `recomendacion` VALUES (19, 'Si la placa base está en un sistema existente, entonces ha tenido la oportunidad de acumular polvo en los sockets. ');
INSERT INTO `recomendacion` VALUES (19, 'Limpie el polvo usando aire comprimido o una aspiradora de PC.');
INSERT INTO `recomendacion` VALUES (20, 'Si está utilizando SIMMs:');
INSERT INTO `recomendacion` VALUES (20, 'Asegúrese de haber instalado un banco de memoria completo. ');
INSERT INTO `recomendacion` VALUES (20, 'Para una placa base de clase 486 que usa SIMM de 30 pines, debe tener 4 módulos SIMM idénticos. ');
INSERT INTO `recomendacion` VALUES (20, 'Para una placa madre clase Pentium que usa SIMM de 72 pines, debe tener 2 SIMM idénticos. ');
INSERT INTO `recomendacion` VALUES (20, 'Cuidado con los SIMM sin paridad de 16 MB que tienen chips en ambos lados del SIMM (los SIMM de paridad suelen tener).  Algunos de estos son en realidad un compuesto y no funcionarán correctamente en una sistema que espera solo 16MB SIMM no compuestos.');
INSERT INTO `recomendacion` VALUES (20, 'Si se trata de un SIMM compuesto, solicite que sea reemplazado por versiones no compuestas. ');
INSERT INTO `recomendacion` VALUES (21, 'Si su sistema usa módulos DIMM:');
INSERT INTO `recomendacion` VALUES (21, 'Asegúrate de que estás utilizando el tipo correcto.');
INSERT INTO `recomendacion` VALUES (21, 'DIMMs vienen en diferentes voltajes, y versiones con buffer y sin buffer.');
INSERT INTO `recomendacion` VALUES (22, 'Si está utilizando memoria DIMM y SIMM:');
INSERT INTO `recomendacion` VALUES (22, 'Muchas placas base que admiten memoria DIMM y SIMM funcionarán mal si ambas se usan en la placa al mismo tiempo.');
INSERT INTO `recomendacion` VALUES (22, 'Esto se debe a que la mayoría de los DIMM requieren una potencia de 3.3 voltios, mientras que los SIMM funcionan a 5 voltios. Cuando ambos están presentes, los DIMM se alimentan a 5 voltios y pueden surgir problemas.');
INSERT INTO `recomendacion` VALUES (22, 'Probar el sistema con un solo tipo de memoria.');
INSERT INTO `recomendacion` VALUES (23, 'Si tiene una placa base más antigua, especialmente en un sistema 486 o anterior:');
INSERT INTO `recomendacion` VALUES (23, 'Existe la posibilidad de que su placa base requiera que se configuren puentes cuando se agrega memoria a la PC. ');
INSERT INTO `recomendacion` VALUES (23, 'Si este es el caso, el hecho de no cambiar los puentes puede ocasionar que la memoria no sea detectada, o una operación incorrecta.');
INSERT INTO `recomendacion` VALUES (23, 'Además, las placas base 386 y 486 más antiguas usan SIMM de 30 pines');
INSERT INTO `recomendacion` VALUES (23, 'Estos SIMMs generalmente vienen en dos versiones: SIMMs de 9 chips o SIMMs de 3 chips.');
INSERT INTO `recomendacion` VALUES (23, 'La versión de 9 chips usa todos los mismos chips DRAM, mientras que la versión de 3 chips usa chips de diferentes tamaños.');
INSERT INTO `recomendacion` VALUES (23,' Algunas PC no funcionan correctamente con los SIMM de 3 chips; debe consultar el manual de la placa base o la asistencia técnica para el sistema.');
INSERT INTO `recomendacion` VALUES (24, 'Si está utilizando una placa base 486, Pentium o posterior:');
INSERT INTO `recomendacion` VALUES (24, 'Algunas placas base de clase 486 que tienen sockets SIMM de 30 pines y 72 pines tienen restricciones en la medida en que se pueden usar ambas.');
INSERT INTO `recomendacion` VALUES (24, 'Algunas placas madre Pentium y posteriores que tienen sockets SIMM y DIMM también pueden tener restricciones.');
INSERT INTO `recomendacion` VALUES (24, 'Por ejemplo, es posible que solo puedas usar un conjunto de tomas o el otro, o solo puedas llenar algunas de las tomas dependiendo de lo que estés usando.') ;
INSERT INTO `recomendacion` VALUES (24, 'Consulte la documentación de su placa base para conocer las pautas exactas que coinciden con lo que está utilizando.');
INSERT INTO `recomendacion` VALUES (25, 'Si está utilizando una placa base 430HX:');
INSERT INTO `recomendacion` VALUES (25, 'Algunas placas base 430HX vienen con sockets DIMM');
INSERT INTO `recomendacion` VALUES (25, 'La mayoría de la memoria de factor de forma DIMM es SDRAM, pero SDRAM no funcionará en estas tarjetas porque el chipset 430HX no lo admite.');
INSERT INTO `recomendacion` VALUES (25, 'Estas ranuras están diseñadas para memoria DIMM EDO.');
INSERT INTO `recomendacion` VALUES (28, 'Si está utilizando SDRAM:');
INSERT INTO `recomendacion` VALUES (28, 'Asegúrese de estar usando el tipo correcto.');
INSERT INTO `recomendacion` VALUES (28, 'SDRAM viene en variedades de 2 y 4 tiempos, y algunas placas base solo requieren un tipo u otro');
INSERT INTO `recomendacion` VALUES (28, 'Algunas placas base también requieren SDRAM que tiene la "EEPROM de detección de presencia en serie');
INSERT INTO `recomendacion` VALUES (29, 'Si estamos usando la memoria EDO:');
INSERT INTO `recomendacion` VALUES (29, 'El soporte para la memoria EDO no se encuentra en las máquinas 386 y anteriores.');
INSERT INTO `recomendacion` VALUES (29, '486 máquinas de clase se dividen en tres categorías: algunas lo permitirán y lo usarán correctamente como EDO (por lo general tienen un parámetro de BIOS para habilitarlo); otras lo permitirán, pero lo usarán como FPM regular memoria, y algunos no funcionarán en absoluto.');
INSERT INTO `recomendacion` VALUES (30, 'Si está usando diferentes tipos de memoria:');
INSERT INTO `recomendacion` VALUES (30, 'Los desajustes entre diferentes bancos de memoria pueden causar problemas.');
INSERT INTO `recomendacion` VALUES (30, 'Por ejemplo, algunos sistemas solo como cuando toda la memoria en la máquina es idéntica, incluso en bancos diferentes.');
INSERT INTO `recomendacion` VALUES (30, 'Si usa una memoria de diferente velocidad o si un banco usa FPM y otra memoria EDO, es posible que su placa base no esté contenta.');
INSERT INTO `recomendacion` VALUES (30, 'Muchos sistemas más nuevos permiten esto sin problemas, pero algunos más antiguos no lo hacen');
INSERT INTO `recomendacion` VALUES (30,' Es posible que deba intentar cambiar la configuración de la memoria. ');
INSERT INTO `recomendacion` VALUES (30, 'Trate de ver si la máquina funciona con un banco instalado pero no ambos juntos. Si este es el caso, entonces los dos bancos de memoria son incompatibles.');
INSERT INTO `recomendacion` VALUES (29,' Algunas placas madre funcionarán con la memoria EDO instalada, pero solo si el soporte EDO se habilita específicamente a través de un parámetro de BIOS ');
INSERT INTO `recomendacion` VALUES (29,' Es posible que deba iniciar el sistema con la memoria de modo de página rápida regular para ingresar a la configuración del BIOS, cambiar la configuración a EDO, y luego apagar la máquina y reemplazarla con la memoria EDO.');
INSERT INTO `recomendacion` VALUES (33, 'Si los ajustes se han verificado dos veces, se ha reemplazado la memoria y el problema continúa:');
INSERT INTO `recomendacion` VALUES (33, 'Podría haber un problema con la placa base.');
INSERT INTO `recomendacion` VALUES (33, 'Puede haber una placa base defectuosa o un problema con la configuración.');
INSERT INTO `recomendacion` VALUES (31, 'Si intenta utilizar más de 64 MB de memoria:');
INSERT INTO `recomendacion` VALUES (31, 'Algunos sistemas requieren una configuración especial de BIOS para habilitarse cuando se utilizan más de 64 MB de memoria.');
INSERT INTO `recomendacion` VALUES (31, 'Verifique uno de estos ajustes y habilítelo si es necesario.  ');
INSERT INTO `recomendacion` VALUES (34, 'Si los módulos de memoria que se usan en la PC no usan el mismo metal (ya sea oro o estaño) que los sockets en los que están:  ');
INSERT INTO `recomendacion` VALUES (34, 'Es posible que con el tiempo se desarrolle una reacción química que pueda llevar a un mal contacto y, eventualmente, a problemas de memoria.  Esto generalmente demorará meses o incluso años en aparecer. ' );
INSERT INTO `recomendacion` VALUES (34, 'Si sospecha que existe este problema, apague y desenchufe la PC y saque un módulo de memoria. <BR />. Si sus pines son dorados y el zócalo es estaño (un color plateado) o viceversa, este puede ser el problema. ');
INSERT INTO `recomendacion` VALUES (34, 'Quitar todos los módulos y limpiarlos y el zócalo.');
INSERT INTO `recomendacion` VALUES (35, 'Si recibe un error de paridad al arrancar:');
INSERT INTO `recomendacion` VALUES (35, 'Mire en la pantalla para ver si el sistema le está dando algún tipo de dirección de memoria que indique dónde está ocurriendo el error de paridad.');
INSERT INTO `recomendacion` VALUES (35, 'Reiniciar el sistema y ver si vuelve a aparecer la misma dirección, y luego reiniciar por tercera vez. ');
INSERT INTO `recomendacion` VALUES (35, 'Tome nota de si la ubicación de la memoria cambia o no');
INSERT INTO `recomendacion` VALUES (36, 'Si el error de paridad se produce cuando el BIOS intenta iniciarse, especialmente si falla en la dirección de la memoria' '0000' 'de manera consistente:');
INSERT INTO `recomendacion` VALUES (36, 'Este es un regalo directo de tratar de usar memoria de no paridad en un sistema de paridad.');
INSERT INTO `recomendacion` VALUES (36, 'Asegúrate de que has usado la memoria de paridad real si tienes activada la verificación de paridad.');
INSERT INTO `recomendacion` VALUES (37, 'Si está utilizando una placa base Abit IT5H:');
INSERT INTO `recomendacion` VALUES (37, 'Encontré un defecto en la placa base Abit IT5H, versión 1.5, que causará que falle cuando se usa la memoria de paridad; simplemente no funciona en esta placa debido a un defecto de diseño.');
INSERT INTO `recomendacion` VALUES (37, 'Cada vez que se habilita la paridad, se genera un error de paridad inmediatamente en el momento del arranque. <BR /> Es posible que otras placas base tengan problemas similares.');
INSERT INTO `recomendacion` VALUES (37, 'La única solución es reemplazar la placa base o ejecutar con la verificación de paridad desactivada.');
INSERT INTO `recomendacion` VALUES (38, 'Si está intentando ejecutar con ECC habilitado en una placa base que admite tanto paridad como ECC:');
INSERT INTO `recomendacion` VALUES (38, 'Cambia la configuración del BIOS de paridad / ECC a paridad directa e intenta reiniciar.');
INSERT INTO `recomendacion` VALUES (38,' Si el error de paridad desaparece y vuelve cuando ECC se vuelve a habilitar, es muy probable que tenga una memoria de paridad falsa en su PC. ');
INSERT INTO `recomendacion` VALUES (38, 'Falsa o memoria de paridad "lógica" está diseñada para engañar a los circuitos de paridad de la placa base estándar pero no funcionará si configura la máquina para que funcione con ECC.');
INSERT INTO `recomendacion` VALUES (38, 'La única buena solución es reemplazar la memoria.');
INSERT INTO `recomendacion` VALUES (39,' Si la dirección de error de paridad permanece igual o está en la misma vecindad general cada vez que se encuentra: ');
INSERT INTO `recomendacion` VALUES (39, 'Esto implica un <a href=''default.php?pid=memfail''> fallo de la memoria </a>. <BR /> Incluso en una nueva PC, es posible tener una falla de hardware real. ');
INSERT INTO `recomendacion` VALUES (40, 'Si acaba de agregar algún hardware al sistema:');
INSERT INTO `recomendacion` VALUES (40, 'Verificar conflictos de recursos');
INSERT INTO `recomendacion` VALUES (42, 'Si el sistema se inicia e informa 128 KB o 384 KB menos memoria que en el sistema:');
INSERT INTO `recomendacion` VALUES (42, 'Esto es normal para muchos tipos de máquinas.');
INSERT INTO `recomendacion` VALUES (42, 'La memoria "faltante" es el área de RAM entre la memoria convencional y la memoria extendida, llamada área de memoria superior. No está disponible para la mayoría de los programas estándar, por lo que algunos BIOS eligen no para reportarlo.');
INSERT INTO `recomendacion` VALUES (42, 'No se requiere ninguna acción.');
INSERT INTO `recomendacion` VALUES (43, 'Si no se reconoce toda la memoria que he instalado en la PC:');
INSERT INTO `recomendacion` VALUES (43, 'Esto casi siempre se debe al uso de un tipo de memoria incorrecto, una instalación incorrecta o una configuración incorrecta.');
INSERT INTO `recomendacion` VALUES (44, 'Si está ejecutando un programa, pero el sistema dice que no tiene suficiente memoria para cargar, pero sabe que tiene suficiente memoria y solo necesita unos pocos KBs:') ;
INSERT INTO `recomendacion` VALUES (44, 'El problema es probablemente causado por una memoria convencional insuficiente.');
INSERT INTO `recomendacion` VALUES (44, 'El área de memoria convencional es el primer 640 KB de RAM del sistema, que es lo que el sistema operativo usa cuando se ejecutan programas estándar.');
INSERT INTO `recomendacion` VALUES (44, 'Esta es la propiedad de memoria más "disputada" en la PC, y un programa que necesita más en la mayoría de los casos no puede usar los megabytes de memoria extendida que se encuentran en su máquina para este propósito.');
INSERT INTO `recomendacion` VALUES (44, 'Aumentar la cantidad de memoria convencional disponible.');
INSERT INTO `recomendacion` VALUES (45,' Si está ejecutando Windows y está obteniendo errores '' Sin memoria '', el Administrador de programas dice que tiene varios megabytes libres: ');
INSERT INTO `recomendacion` VALUES (45, 'Esto debería ganar un premio como uno de los mensajes de error más ridículamente mal nombrados. La mayoría de las veces, cuando aparece un error' 'Sin memoria' ', realmente te estás quedando sin recursos del sistema de Windows. no memoria real.');
INSERT INTO `recomendacion` VALUES (45, 'Cerrar uno o más programas para liberar más recursos del sistema para el programa que desea ejecutar.');
INSERT INTO `recomendacion` VALUES (45,' Salga de Windows y reinícielo. Windows puede "filtrar" los recursos del sistema con el tiempo y es posible que tenga que reiniciarse con frecuencia cuando se usa mucho.');
INSERT INTO `recomendacion` VALUES (46, 'Si agregó más memoria al sistema pero no ha visto ninguna mejora en el rendimiento:');
INSERT INTO `recomendacion` VALUES (46, 'Asegúrese de que toda la memoria esté siendo reconocida en el sistema. Si no lo está, entonces la actualización no está funcionando correctamente.');
INSERT INTO `recomendacion` VALUES (46, 'Tenga cuidado de no ser engañado por los puntos de referencia. Agregar más memoria no mejorará la puntuación de un punto de referencia que solo prueba el procesador. Por ejemplo, si es posible, ejecute un punto de referencia del sistema idéntico antes y después de agregar el nueva RAM. ');
INSERT INTO `recomendacion` VALUES (46, 'Debe haber algún aumento, incluso si es menor.');
INSERT INTO `recomendacion` VALUES (46, 'Verifique la configuración de la BIOS relacionada con la memoria para ver si alguna de ellas necesita ser modificada si agrega memoria o si cruza uno de los "bordes" de tamaño de memoria común');
INSERT INTO `recomendacion` VALUES (46, 'También a menudo, el problema es que el sistema operativo que está utilizando no se está configurando de manera óptima para administrar su memoria de manera eficiente. Si aumenta la cantidad de memoria en algunos sistemas, el sistema operativo puede asignar mal la memoria extra. ');
INSERT INTO `recomendacion` VALUES (47, 'Si agregó más memoria y el rendimiento empeora:');
INSERT INTO `recomendacion` VALUES (47, 'Asegúrese de que toda la memoria esté siendo reconocida en el sistema. Si no lo está, entonces la actualización no está funcionando correctamente.');
INSERT INTO `recomendacion` VALUES (47, 'Comprueba la configuración de la nueva memoria para asegurarte de que esté configurada correctamente.');
INSERT INTO `recomendacion` VALUES (47, 'Verifique la configuración del BIOS, porque algunos BIOS necesitan que se cambie la configuración cuando cambia el tamaño de la memoria.');
INSERT INTO `recomendacion` VALUES (48, 'Si ha agregado suficiente memoria para llevarle una cierta cantidad de RAM, digamos desde 256 a 400:');
INSERT INTO `recomendacion` VALUES (48, 'Su problema puede ser que su caché secundario solo puede almacenar una cierta cantidad de memoria.');
INSERT INTO `recomendacion` VALUES (48, 'Ciertos conjuntos de chips solo pueden almacenar en caché una cierta cantidad de RAM. Cualquier memoria que se encuentre arriba no está en caché, y los accesos a esas ubicaciones de memoria serán mucho más lentos que los accesos a la memoria por debajo de la barrera.');
INSERT INTO `recomendacion` VALUES (48, 'No hay nada que puedas hacer a menos que quieras actualizar tu placa base.');
INSERT INTO `recomendacion` VALUES (49,' Si agregó memoria al sistema que tiene una velocidad más lenta que la que existía anteriormente (o usa una tecnología más lenta):');
INSERT INTO `recomendacion` VALUES (49,' Entonces su placa base puede relentizar todos los accesos de memoria para coincidir con la velocidad de la memoria más lenta, especialmente si establece el tiempo de memoria al detectar automáticamente la velocidad de la memoria.');
INSERT INTO `recomendacion` VALUES (49, 'Esto causará una pequeña disminución en el rendimiento. Es posible que pueda cambiar la configuración del BIOS para evitar esto.');
INSERT INTO `recomendacion` VALUES (50,' Si está utilizando una placa madre Intel Triton II 430HX y su PC aún se ralentiza con más de 64 MB de RAM: ');
INSERT INTO `recomendacion` VALUES (50,' Revise la placa base y el manual para determinar si su placa tiene la memoria RAM de etiquetas de 11 bits que se requiere para 512 MB de RAM almacenada en caché. ');
INSERT INTO `recomendacion` VALUES (50, 'Si tiene la etiqueta RAM, entonces hay un problema con los componentes, o algo está mal configurado.');
INSERT INTO `recomendacion` VALUES (50, 'Buscar otros problemas de memoria o placa base.');
INSERT INTO `recomendacion` VALUES (51, 'Si está o estaba ejecutando con la verificación de paridad desactivada:');
INSERT INTO `recomendacion` VALUES (51, 'Revisa dos veces la configuración del BIOS para asegurarte de que todavía esté configurada como deshabilitada.');
INSERT INTO `recomendacion` VALUES (51, 'Si se activa accidentalmente, se producirán errores de paridad.');
INSERT INTO `recomendacion` VALUES (53, 'Si está o estaba ejecutando con la comprobación de paridad habilitada:');
INSERT INTO `recomendacion` VALUES (53,' Deshabilitar la comprobación de paridad en el BIOS, tenerlo habilitado causará errores de paridad. ');
INSERT INTO `recomendacion` VALUES (44, 'También puede ser un problema con el programa en sí. Algunos programas no están desarrollados para manejar bien los recursos de memoria, y esto puede hacer que el programa necesite más recursos de los que realmente debería. Póngase en contacto con los Desarrolladores de Programas si puede.');
INSERT INTO `recomendacion` VALUES (44,' Si es un programa de Windows, es posible que necesite tener instalado un archivo dll. Intente volver a instalar el programa y asegúrese de que todos los archivos dll estén instalados y registrados correctamente.');
INSERT INTO `recomendacion` VALUES (54, 'Si al considerar la velocidad reportada incorrectamente, se refiere a la lectura de velocidad del LED en la parte frontal de la caja:');
INSERT INTO `recomendacion` VALUES (54, 'Tenga en cuenta que esta lectura no tiene nada que ver con el procesador. Por lo tanto, no se desinforme por ello');
INSERT INTO `recomendacion` VALUES (55, 'Si este sistema fue comprado recientemente:');
INSERT INTO `recomendacion` VALUES (55,' Póngase en contacto con el proveedor inmediatamente. Recuerde que estos no son necesariamente sistemas nuevos y es posible que necesiten algunos ajustes ');
INSERT INTO `recomendacion` VALUES (56, 'Si la velocidad reportada del procesador está ligeramente apagada (digamos que un 2GHZ se informa como un 1.8GHZ):');
INSERT INTO `recomendacion` VALUES (56, 'Esto es probablemente solo una peculiaridad; no te preocupes demasiado por eso');
INSERT INTO `recomendacion` VALUES (57, 'Si está utilizando un chip más nuevo:');
INSERT INTO `recomendacion` VALUES (57,' Es posible que necesite una actualización de BIOS, especialmente si el chip no estaba en el mercado cuando se diseñó su placa base.');
INSERT INTO `recomendacion` VALUES (57,' Póngase en contacto con el proveedor de su placa base. Dígales sobre el chip que tiene y averigüe si es posible que necesite una actualización de BIOS.');
INSERT INTO `recomendacion` VALUES (58, 'Si no tiene compuesto de disipador de calor entre el procesador y el disipador de calor:');
INSERT INTO `recomendacion` VALUES (58, 'El disipador de calor no podrá hacer un buen trabajo para enfriar la CPU. ¡Obtenga algunos! ... y aplíquelos de inmediato');
INSERT INTO `recomendacion` VALUES (59, 'Si el ventilador de la CPU está sucio, se ve desgastado o casi falla:');
INSERT INTO `recomendacion` VALUES (59, 'Dale una buena limpieza.');
INSERT INTO `recomendacion` VALUES (59, 'Tenga en cuenta, sin embargo, que si está cerca de fallar, intente reemplazarlo con un ventilador de cojinete de bolas de buena calidad.');
INSERT INTO `recomendacion` VALUES (61, 'Si el problema ocurre cuando el sistema se está calentando o cuando la habitación está caliente:');
INSERT INTO `recomendacion` VALUES (61,' Es probable que el problema esté relacionado con el hardware y que tenga que ver con la placa base, el procesador u otro componente del sistema que esté funcionando demasiado caliente  ');
INSERT INTO `recomendacion` VALUES (66, ' Intenta iniciarlo varias veces. ¿Se inicia en el segundo o tercer intento? ');
INSERT INTO `recomendacion` VALUES (65, 'Probablemente se trate de una falla de video. Si recibe mensajes como "No se detectó señal de video" o "Por favor, conecte el monitor", este es definitivamente el problema. El adaptador de video puede proporcionar señales que no pueden ser interpretadas.');
INSERT INTO `recomendacion` VALUES (67, 'Si se inicia en otros intentos, probablemente esté sufriendo una rápida señal power_good, antes de que la fuente de alimentación sea estable. Es posible que El suministro p no está a la altura del estándar ATX. Intente comprar una fuente de alimentación de mayor calidad. ');
INSERT INTO `recomendacion` VALUES (69, 'Los códigos de pitidos irregulares a menudo indican una falla con otros componentes en el sistema, es decir, RAM, CPU, sistema de video. Por lo tanto, es probable que el problema no esté relacionado con la fuente de alimentación. En su lugar, compruebe si hay problemas con el procesador, la memoria u otros.');
INSERT INTO `recomendacion` VALUES (71, 'Si recientemente agregó nuevos componentes al sistema, es posible que estén sobrecargando la fuente de poder o causen un cortocircuito. Intente deshacer el último cambio que realizó y vuelva a intentarlo. Intente probar y reemplazar su suministro p también.');
INSERT INTO `recomendacion` VALUES (89, ' Es muy posible que tenga un cable o conector defectuoso en la fuente de alimentación. Pruebe con otro cable o desconecte todas las unidades, una a la vez y intente encender después de cada cambio. Si el sistema se enciende, es un cable o unidad defectuoso. ');
INSERT INTO `recomendacion` VALUES (90, ' Intente usar otra unidad para probar la posibilidad de que la unidad anterior haya sido defectuosa. También puede probar la unidad en otro sistema.');
INSERT INTO `recomendacion` VALUES (77, ' Desmonte el sistema, retire los adaptadores, uno por uno, hasta que solo quede el adaptador de video. Desenchufe el cable de alimentación antes de extraerlos, luego vuelva a conectarlos y encienda. Si se enciende, reemplace todos los adaptadores excepto el último. ');
INSERT INTO `recomendacion` VALUES (91, ' Tiene un cortocircuito (nota un olor a quemado) en el estuche o un problema de geometría que impone una tensión inaceptable en la placa base. También es posible que el adaptador de video nunca se sentó debido a la posición del soporte. ');
INSERT INTO `recomendacion` VALUES (92, ' Probablemente tenga una fuente de alimentación defectuosa. Intente reemplazarla.');
INSERT INTO `recomendacion` VALUES (81, ' Asegúrese de estar usando un tomacorriente activo. Se sabe que las tomas de corriente tienen al menos un tomacorriente defectuoso, y las tomas de corriente que parecen estar bien tienen Se sabe que fracasó por ninguna razón en particular.');
INSERT INTO `recomendacion` VALUES (83, ' Use el pequeño interruptor rojo ubicado en la fuente p, generalmente entre el cable de alimentación y el interruptor de anulación de encendido / apagado en la parte posterior de la caja, para ajustar el voltaje a un nivel adecuado. Desconecte la fuente p mientras hace esto. ');
INSERT INTO `recomendacion` VALUES (85, ' Intente conectar el cable del interruptor del panel frontal. La ubicación correcta suele estar impresa en la placa base al lado del bloque de conectores, o puede consultar el documentación de la placa base. ');
INSERT INTO `recomendacion` VALUES (87, ' Verifique la operación del interruptor con un voltímetro digital en la configuración de continuidad o resistencia. Si está mal, reemplace el interruptor o sustitúyalo con el botón de reinicio . Puede dejar de usarlo para el interruptor lógico PW-ON.  ');
INSERT INTO `recomendacion` VALUES (93, ' Puede intentar rehacer las conexiones de la fuente de alimentación de la placa base, aunque esto no es recomendable si no tiene experiencia trabajando con circuitos en vivo, como esta opción involucra pruebas en vivo. ');
INSERT INTO `recomendacion` VALUES (94, 'lo sentimos, no tenemmos ninguna recomendación para usted');
INSERT INTO `recomendacion` VALUES (95, 'lo sentimos, no tenemmos ninguna recomendación para usted');
INSERT INTO `recomendacion` VALUES (96, 'lo sentimos, no tenemmos ninguna recomendación para usted');
